Year,Iteration,Alloy Name,Al,Co,Cr,Cu,Fe,Mn,Ni,V,VarvYS pred(MPa) at 298K,SFE_calc,VEC Avg,EDS Measured Atomic % Al ,EDS Measured Atomic % Co ,EDS Measured Atomic % Cr ,EDS Measured Atomic % Cu,EDS Measured Atomic % Fe ,EDS Measured Atomic % Mn,EDS Measured Atomic % Ni ,EDS Measured Atomic % V ,"Hardness, HV","SD, HV",Yield Strength (MPa),"SD, YS",UTS_True (Mpa),"SD, UTS",UTS/YS,"SD, UTS/YS",Elong_T (%),"SD, Elong%",Hardness (GPa) SRJT,"SD, Hardness",Modulus (GPa) SRJT,"SD, Modulus",Avg Hdyn (GPa) HSR,"SD, Avg Hdyn",Avg Hqs (GPa) HSR,"SD, Avg Hqs",Avg HDYN/HQS,"Std, Hdyn/Hqs",Indentation Depth (µm),Depth of Penetration (mm) FE_Sim,Grain Size (µm),Cracked,Processing,Recrystallization,XRD Phase,Tension Test Designation,Grain Size(um),Notes
2,BBC,BBC05,0,24,8,0,16,40,4,8,,15.73,,,,,,,,,,,,,,,,,,,,,,,,,,,,,,,,,,Cold Rolled,950C for 30min/ water quench,,,,
1,AAC,AAC14,0,15,5,0,15,0,40,25,344.4982674,196.0,705.0,0 ,15.0 ,5.0 ,0.0,15.1 ,0.0,39.5 ,25.4 ,264.9,14.8,541.0,19.0,1136.0,8.1,2.1,0.08,33.7,2.6,3.32,0.27,199.57,11.75,,,,,,,,,,0.0,Forged,No Treatment,FCC,Ductile,,
2,BBB,BBB05,0,44,12,0,4,4,12,24,894.0828426,100.79,460.0,,,,,,,,,,,,,,,,,,,,,,,,,,,,,,,,0.0,Cold Rolled,950C for 30min/ water quench,FCC+σ,,,
1,AAB,AAB12,0,15,5,0,20,0,40,20,312.9648164,74.64,720.0,0 ,15.0 ,5.1 ,0.0,20.2 ,0.0,39.4 ,20.4 ,235.0,7.5,430.0,0.0,986.0,0.0,2.29,0.0,37.0,0.0,2.71,0.24,190.55,4.78,,,,,,,,,,0.0,Forged,No Treatment,FCC,Ductile,,
1,AAA,AAA05,0,10,10,0,55,0,25,0,77.58102447,11.39,770.0,0 ,10.1 ,10.6 ,0.0,54.8 ,0.0,24.5 ,0 ,149.5,4.2,310.0,12.3,446.0,2.6,1.44,0.05,18.3,0.9,1.82,0.04,161.94,4.18,,,,,,,,,,0.0,Forged,No Treatment,FCC,Ductile,,
2,BBB,BBB13,0,40,4,0,28,4,4,20,722.0901867,55.48,496.0,0,39.7,4.2,0.0,27.9,3.9,4.2,20.1,223.3,21.2,531.3,29.7,1312.9,0.4,2.5,0.1,28.2,2.2,2.54,0.16,203.53,12.28,3.21,0.19,2.83,0.11,1.13,0.08,,2.31,,0.0,Cold Rolled,950C for 30min/ water quench,FCC+σ,,,
2,BBB,BBB15,4,0,8,24,4,16,44,0,1004.19632,124.14,908.0,4.3,0,8.3,23.5,4.1,16.2,43.7,0,139.6,3.5,261.2,6.5,1060.7,6.9,4.1,0.1,52.6,0.3,1.98,0.07,171.74,6.93,2.34,0.06,1.93,0.09,1.22,0.07,,2.98,,0.0,Cold Rolled,950C for 30min/ water quench,FCC,,51.3,
2,BBC,BBC15,4,16,0,20,4,12,44,0,,246.43,,4.4,16.2,,19.7,4.2,12.3,43.3,,119.7,3.3,218.8,4.1,870.7,4.7,4.0,0.1,44.6,1.3,1.79,0.05,173.17,6.24,2.14,0.07,1.79,0.05,1.2,0.04,,3.22,,,Cold Rolled,950C for 30min/ water quench,FCC,,25.0,
1,AAC,AAC11,0,10,5,0,5,0,50,30,374.9055941,360.9,740.0,0 ,10.0 ,5.0 ,0.0,5.0 ,0.0,49.5 ,30.5 ,281.5,40.4,637.0,10.0,1115.0,24.3,1.75,0.05,25.0,0.4,3.32,0.23,200.47,3.31,,,,,,,,,,0.0,Forged,No Treatment,FCC,Ductile,,
1,AAB,AAB01,0,50,10,0,15,0,15,10,252.0209975,-104.78,480.0,0 ,49.6 ,10.2 ,0.0,15.3 ,0.0,14.7 ,10.2 ,238.1,2.1,539.0,37.4,1038.0,25.5,1.93,0.14,34.6,3.2,2.68,0.03,194.27,2.2,,,,,,,,,,0.0,Forged,No Treatment,FCC,Ductile,,
1,AAA,AAA11,0,15,5,0,45,0,30,5,155.0269204,103.02,745.0,0 ,15.2 ,5.2 ,0.0,45.1 ,0.0,29.3 ,5.2 ,179.6,10.5,364.0,28.6,547.0,17.9,1.5,0.11,11.9,0.7,1.91,0.11,162.1,5.64,,,,,,,,,,0.0,Forged,No Treatment,FCC,Ductile,,
2,BBB,BBB01,0,24,4,0,8,4,36,24,844.0996596,276.74,644.0,0,20.5,4.2,0.0,8.1,4.0,38.9,24.4,203.7,5.4,431.5,9.4,1447.1,31.1,3.4,0.1,48.8,1.4,2.74,0.11,207.26,5.75,3.07,0.08,2.8,0.07,1.09,0.04,,2.45,,0.0,Cold Rolled,950C for 30min/ water quench,FCC,,,
2,BAA,BAA06,4,0,8,4,24,12,44,4,349.4921837,180.6,840.0,4.1,0,8.4,4.1,23.9,12.1,43.3,4.1,135.8,6.6,241.5,2.1,864.2,55.1,3.6,0.2,41.8,2.9,1.84,0.08,180.09,9.6,2.13,0.04,1.89,0.04,1.13,0.03,,3.17,,0.0,Forged,925C for 30min/ water quench,FCC,,28.0,
2,BBC,BBC09,0,36,4,0,16,16,8,20,,94.32,,,,,,,,,,,,,,,,,,,,,,,,,,,,,,,,,,Cold Rolled,950C for 30min/ water quench,,,,
1,AAD,AAD09,0,15,15,0,5,0,45,20,334.364454,185.8,710.0,0,15,15.8,0.0,4.9,0.0,43.3,21,235.1,16.8,525.0,8.3,1142.0,119.4,2.18,0.23,35.0,5.1,2.95,0.05,212.65,2.59,,,,,,,,,,0.0,Forged,No Treatment,FCC,Ductile,,
2,BAA,BAA14,0,16,8,4,16,20,36,0,108.1028714,75.5,752.0,0,16.1,8.3,4.1,16,20.2,35.3,0,136.3,4.8,257.3,5.1,801.2,9.0,3.1,0.1,34.3,2.5,1.9,0.11,189.94,8.73,2.2,0.07,1.92,0.12,1.15,0.08,,3.07,,0.0,Forged,925C for 30min/ water quench,FCC,,21.0,
2,BBC,BBC10,4,4,16,0,8,0,52,16,,193.24,,,,,,,,,,,,,,,,,,,,,,,,,,,,,,,,,,Cold Rolled,950C for 30min/ water quench,,,,
2,BBA,BBA13,4,20,4,4,16,0,52,0,345.9032675,36.5,768.0,4,20.4,4.1,4.2,16.3,0.0,51,0,106.8,2.1,176.8,2.3,800.2,3.2,4.5,0.1,42.0,1.1,2.06,0.19,182.8,15.44,2.14,0.05,1.88,0.09,1.14,0.06,,3.35,,0.0,Cold Rolled,950C for 30min/ water quench,FCC,,101.01,
1,AAA,AAA01,0,45,10,0,20,0,15,10,248.2045893,-85.33,510.0,0 ,44.4 ,10.4 ,0.0,20.3 ,0.0,14.5 ,10.3 ,225.8,5.6,487.0,14.8,839.0,5.9,1.72,0.05,25.7,2.6,2.62,0.12,190.02,11.79,,,,,,,,,,0.0,Forged,No Treatment,FCC,Ductile,,
1,AAE,AAE10,0,20,5,0,15,0,40,20,322.3600034,661.9,690.0,0,20.2,5.3,0.0,15.1,0.0,38.4,20.9,244.6,7.5,244.0,7.1,644.0,47.6,2.64,0.27,39.0,4.9,1.85,0.04,178.91,2.38,,,,,,,,,,0.0,Forged,No Treatment,FCC,Ductile,,
1,AAE,AAE02,0,10,0,0,0,0,75,15,278.374904,-0.7,845.0,0,10.6,0,0.0,0,0.0,73.9,15.4,209.9,38.1,398.0,23.7,899.0,27.2,2.26,0.07,36.0,1.0,2.42,0.11,212.4,5.53,,,,,,,,,,0.0,Forged,No Treatment,BCC,Ductile,,
1,AAB,AAB13,5,5,10,0,35,0,45,0,389.3162381,108.08,815.0,5.2 ,5.1 ,10.2 ,0.0,35.2 ,0.0,44.2 ,0 ,154.5,8.3,250.0,18.1,549.0,33.3,2.2,0.21,27.5,1.0,1.87,0.03,170.22,2.76,,,,,,,,,,0.0,Forged,No Treatment,FCC,Ductile,,
1,AAC,AAC09,5,10,5,0,20,0,55,5,435.8880453,67.3,800.0,5.2 ,10.0 ,5.1 ,0.0,20.3 ,0.0,54.2 ,5.1 ,200.3,9.4,366.0,8.2,804.0,29.2,2.2,0.09,38.4,4.5,2.67,0.18,209.96,5.85,,,,,,,,,,0.0,Forged,No Treatment,FCC,Ductile,,
1,AAD,AAD13,5,10,0,0,5,0,55,25,512.047066,257.7,750.0,3.1,10.4,0,0.0,5.2,0.0,54.7,26.6,271.6,11.4,669.0,0.0,1164.0,0.0,1.74,0.0,26.0,0.0,3.48,0.27,205.0,7.83,,,,,,,,,,0.0,Forged,No Treatment,FCC,Ductile,,
1,AAB,AAB09,0,30,0,0,30,0,35,5,158.4312767,102.88,675.0,0 ,29.9 ,0 ,0.0,30.5 ,0.0,34.4 ,5.1 ,171.6,4.9,347.0,15.7,610.0,8.5,1.76,0.09,20.0,0.5,1.98,0.12,165.27,9.75,,,,,,,,,,0.0,Forged,No Treatment,FCC,Ductile,,
1,AAB,AAB10,5,20,5,0,25,0,45,0,400.9904629,63.06,735.0,5.1 ,20.1 ,5.1 ,0.0,25.3 ,0.0,44.3 ,0 ,160.0,5.5,313.0,32.1,615.0,23.6,1.96,0.23,24.6,2.1,2.11,0.06,174.64,4.08,,,,,,,,,,0.0,Forged,No Treatment,FCC,Ductile,,
1,AAB,AAB08,0,5,10,0,30,0,50,5,162.3165993,48.75,835.0,0 ,5.1 ,10.3 ,0.0,30.2 ,0.0,49.4 ,5.1 ,175.8,2.6,324.0,16.6,604.0,2.4,1.86,0.1,23.4,0.4,2.11,0.12,169.54,7.83,,,,,,,,,,0.0,Forged,No Treatment,FCC,Ductile,,
2,BBB,BBB03,4,0,12,4,4,16,52,8,572.3020155,218.72,832.0,4.1,,12.3,4.1,4.1,16.1,51.2,8.2,162.2,4.4,307.1,2.5,1219.5,18.7,4.0,0.1,55.7,2.6,2.23,0.03,184.96,7.62,2.69,0.1,2.32,0.07,1.16,0.05,,2.81,,0.0,Cold Rolled,950C for 30min/ water quench,FCC,,52.45,
2,BAA,BAA05,4,12,8,0,8,8,56,4,388.7773503,204.2,784.0,4,12.2,8.3,0.0,8.2,8.1,55.1,4.1,166.6,8.3,304.1,2.0,938.4,15.4,3.1,0.1,39.0,0.7,2.25,0.06,202.62,6.62,2.78,0.08,2.55,0.04,1.09,0.04,,2.88,,0.0,Forged,925C for 30min/ water quench,FCC,,26.0,
2,BBC,BBC12,4,4,4,8,28,16,32,4,,140.16,,4.1,4.3,4.2,7.8,28,16.1,31.3,4.1,133.1,11.4,252.1,,971.8,,3.9,,46.3,,1.86,0.08,178.42,9.02,2.18,0.05,1.81,0.1,1.2,0.05,,3.04,,,Cold Rolled,950C for 30min/ water quench,FCC,,21.0,
1,AAC,AAC13,0,15,20,0,5,0,45,15,299.8907032,120.5,715.0,0 ,15.1 ,20.2 ,0.0,5.1 ,0.0,44.4 ,15.3 ,258.8,9.7,551.0,11.1,1060.0,31.1,1.92,0.07,31.0,0.6,2.96,0.25,207.29,9.81,,,,,,,,,,0.0,Forged,No Treatment,FCC,Ductile,,
1,AAA,AAA16,0,5,10,0,10,0,55,20,321.2962495,202.24,800.0,0 ,5.0 ,10.1 ,0.0,10.1 ,0.0,54.7 ,20.0 ,255.3,8.2,517.0,52.3,977.0,23.1,1.89,0.17,26.7,0.6,2.88,0.15,194.55,3.9,,,,,,,,,,0.0,Forged,No Treatment,FCC,Ductile,,
2,BBA,BBA06,4,0,8,4,24,12,44,4,349.4921837,180.6,840.0,4.2,0,8.3,4.1,24,11.9,43.4,4.1,118.6,2.1,230.5,3.6,976.4,27.2,4.2,0.1,49.0,2.8,2.04,0.1,165.34,8.63,2.31,0.05,1.97,0.05,1.17,0.04,,3.09,,0.0,Cold Rolled,950C for 30min/ water quench,FCC,,46.4,
1,AAC,AAC08,0,30,10,0,15,0,30,15,293.4822158,-26.3,615.0,0 ,29.8 ,10.1 ,0.0,15.2 ,0.0,29.6 ,15.2 ,218.6,11.5,444.0,2.4,966.0,7.5,2.18,0.02,33.8,0.7,2.83,0.16,225.0,6.72,,,,,,,,,,0.0,Forged,No Treatment,FCC,Ductile,,
1,AAE,AAE05,0,65,15,0,0,0,10,10,266.8285728,-141.6,370.0,0,64,15.8,0.0,0,0.0,9.8,10.5,274.0,19.1,548.0,27.8,960.0,15.3,1.75,0.12,22.0,2.0,3.09,0.14,237.14,8.06,,,,,,,,,,0.0,Forged,No Treatment,FCC,Ductile,,
2,BBA,BBA19,4,8,0,12,20,8,48,0,535.3830181,307.07,856.0,4.0,8.1,0.0,11.9,20.4,8.2,47.4,0.0,124.8,4.0,232.6,1.7,911.2,19.2,3.9,0.1,42.1,0.7,1.89,0.1,189.5,6.99,2.36,0.08,2.01,0.08,1.17,0.06,,3.11,,0.0,Cold Rolled,950C for 30min/ water quench,FCC,,43.0,
1,AAC,AAC16,0,25,15,0,5,0,35,20,340.2266634,118.5,630.0,0 ,24.9 ,15.2 ,0.0,5.2 ,0.0,34.3 ,20.4 ,274.5,9.4,613.0,26.5,1197.0,57.8,1.95,0.13,31.8,1.1,3.29,0.32,209.59,10.0,,,,,,,,,,0.0,Forged,No Treatment,FCC,Ductile,,
2,BAA,BAA15,0,20,8,4,0,20,44,4,169.3251243,136.9,732.0,0,18.6,8,4.2,0,20.5,44.8,3.9,161.2,5.8,319.3,0.7,1043.6,33.9,3.3,0.1,40.7,2.0,2.2,0.06,201.32,6.66,2.56,0.11,2.31,0.1,1.11,0.07,,2.82,,0.0,Forged,925C for 30min/ water quench,FCC,,19.0,
2,BBA,BBA15,0,20,8,4,0,20,44,4,169.3251243,136.9,732.0,0,19.9,8.2,4.2,0,20.5,43.2,4,154.0,7.2,340.8,,1095.8,,3.2,,41.0,,2.25,0.12,263.51,13.16,2.52,0.09,2.23,0.1,1.13,0.07,,2.74,,0.0,Cold Rolled,950C for 30min/ water quench,FCC,,39.16,
1,AAC,AAC02,0,10,5,0,35,0,35,15,257.1647128,-0.3,755.0,0 ,10.0 ,5.0 ,0.0,35.1 ,0.0,34.8 ,15.0 ,227.7,6.1,391.0,6.0,832.0,10.7,2.13,0.04,29.7,2.5,2.52,0.19,199.87,10.55,,,,,,,,,,0.0,Forged,No Treatment,FCC,Ductile,,
2,BAA,BAA07,4,12,0,0,16,8,52,8,400.648516,250.0,780.0,4.4,12.1,0,0.0,16.2,8.1,50.9,8.2,198.3,6.8,392.9,3.6,1069.3,39.3,2.7,0.1,33.7,2.6,2.42,0.03,197.69,1.26,2.88,0.06,2.7,0.05,1.07,0.03,,2.62,,0.0,Forged,925C for 30min/ water quench,FCC,,18.0,
2,BBA,BBA03,4,12,8,4,16,8,48,0,345.3217004,131.5,792.0,4.3,12.1,8.2,4.2,16.1,8.2,47,0,128.9,3.1,217.6,4.8,897.5,9.1,4.1,0.1,47.1,1.7,2.03,0.13,156.06,7.03,2.3,0.05,1.95,0.05,1.18,0.04,,3.19,,0.0,Cold Rolled,950C for 30min/ water quench,FCC,,39.92,
1,AAD,AAD15,0,25,5,0,10,0,35,25,358.3455934,139.7,635.0,0,24.9,5.3,0.0,10,0.0,33.7,26.1,271.6,14.0,614.0,5.9,1311.0,3.3,2.14,0.02,37.0,1.3,3.02,0.08,213.68,5.0,,,,,,,,,,0.0,Forged,No Treatment,FCC,Ductile,,
2,BBB,BBB12,0,20,4,0,4,4,48,20,688.7459049,264.08,704.0,0,20.2,4.2,0.0,4.1,4.0,47.1,20.4,207.5,5.2,418.3,,1399.7,,3.4,,46.5,,3.04,0.09,215.0,8.99,3.75,0.18,3.25,0.15,1.15,0.08,,2.52,,0.0,Cold Rolled,950C for 30min/ water quench,FCC,,,
1,AAE,AAE15,0,30,5,0,15,0,20,30,368.6729682,707.5,560.0,,,,,,,,,444.0,23.6,,,,,,,,,4.28,1.15,202.06,11.59,,,,,,,,,,1.0,Forged,No Treatment,FCC + FCC,Brittle,,
1,AAD,AAD06,0,35,15,0,10,0,25,15,303.7173841,-7.5,565.0,0,34.5,15.7,0.0,10,0.0,24,15.8,230.7,10.1,521.0,20.2,1042.0,31.8,2.0,0.1,30.0,0.8,2.94,0.16,217.91,9.92,,,,,,,,,,0.0,Forged,No Treatment,FCC,Ductile,,
1,AAA,AAA06,0,35,25,0,5,0,30,5,202.0427935,-46.09,585.0,0 ,34.9 ,25.6 ,0.0,5.0 ,0.0,29.3 ,5.2 ,263.2,13.8,650.0,66.1,974.0,22.7,1.5,0.19,20.5,3.3,2.9,0.19,199.06,15.24,,,,,,,,,,0.0,Forged,No Treatment,FCC,Ductile,,
2,BBB,BBB06,0,16,20,0,4,4,36,20,776.1545889,230.74,672.0,,,,,,,,,,,,,,,,,,,,,,,,,,,,,,,,0.0,Cold Rolled,950C for 30min/ water quench,FCC+σ,,,
2,BBA,BBA02,4,16,0,4,12,8,52,4,372.3869586,195.2,780.0,4.2,15,,4.2,12.2,8.2,52.2,4.1,151.5,5.7,301.0,6.6,1079.9,27.4,3.6,0.1,44.8,0.3,,,,,2.46,0.13,2.1,0.14,1.17,0.1,,,,0.0,Cold Rolled,950C for 30min/ water quench,FCC,,31.94,Does not have Kolsky bar data and hence Depth of penetration cannot be estimated
1,AAD,AAD02,0,40,5,0,15,0,15,25,359.5723946,-3.0,505.0,0,39.4,5.3,0.0,14.9,0.0,14.3,26.1,287.7,12.9,551.0,29.1,1504.0,11.3,2.73,0.14,24.0,1.1,3.82,0.25,234.03,14.27,,,,,,,,,,0.0,Forged,No Treatment,FCC,Ductile,,
1,AAC,AAC04,0,45,15,0,10,0,15,15,309.0216024,-36.6,485.0,0 ,44.8 ,15.1 ,0.0,10.1 ,0.0,14.8 ,15.1 ,295.1,48.1,569.0,17.4,1044.0,3.3,1.83,0.06,29.1,0.5,3.17,0.14,229.63,6.71,,,,,,,,,,0.0,Forged,No Treatment,FCC,Ductile,,
2,BAA,BAA01,4,8,4,4,16,12,48,4,364.1664646,228.4,808.0,4.1,8.2,4.2,4.1,16.1,12.2,47.1,4.1,158.8,9.3,277.1,5.8,930.4,10.4,3.4,0.1,41.0,0.2,2.14,0.07,198.95,5.38,2.47,0.01,2.3,0.12,1.07,0.06,,2.94,,0.0,Forged,925C for 30min/ water quench,FCC,,19.9,
1,AAE,AAE14,0,20,20,0,15,0,30,15,289.5827743,630.3,655.0,0,19.8,21.1,0.0,14.8,0.0,28.5,15.9,270.9,8.8,470.0,5.0,967.0,63.9,2.06,0.11,31.0,1.7,2.51,0.2,193.22,12.63,,,,,,,,,,0.0,Forged,No Treatment,FCC,Ductile,,
1,AAC,AAC03,0,40,20,0,5,0,30,5,195.157012,-61.1,565.0,0 ,40.1 ,20.2 ,0.0,5.1 ,0.0,29.5 ,5.1 ,252.4,12.9,461.0,39.4,863.0,22.7,1.87,0.17,26.2,3.7,3.05,0.19,237.02,7.14,,,,,,,,,,0.0,Forged,No Treatment,FCC,Ductile,,
2,BBA,BBA16,4,12,0,12,20,8,44,0,322.7523249,118.0,824.0,4.1,12.3,0,11.8,20.4,8.1,43.2,0,124.5,5.0,209.6,5.3,846.1,9.7,4.0,0.1,42.4,1.8,2.66,0.18,141.59,8.23,2.5,0.09,2.29,0.11,1.09,0.07,,3.29,,0.0,Cold Rolled,950C for 30min/ water quench,FCC,,43.31,Sample Remade due to chemistry issues
1,AAA,AAA08,0,10,10,0,25,0,50,5,166.3823782,39.67,805.0,0 ,10.2 ,10.5 ,0.0,25.5 ,0.0,48.4 ,5.3 ,203.9,13.6,447.0,13.5,660.0,13.4,1.48,0.06,14.2,2.7,2.15,0.1,187.18,5.81,,,,,,,,,,0.0,Forged,No Treatment,FCC,Ductile,,
1,AAC,AAC12,0,35,15,0,5,0,20,25,371.290979,92.1,525.0,,,,,,,,,491.9,49.4,790.0,0.0,790.0,0.0,1.0,0.0,0.0,0.0,6.04,1.37,223.68,12.55,,,,,,,,,,1.0,Forged,No Treatment,D022 ,Brittle,,
1,AAE,AAE07,0,15,20,0,15,0,40,10,243.8177625,33.1,720.0,0,15.1,21.2,0.0,14.9,0.0,38.1,10.7,196.7,7.2,431.0,1.5,895.0,6.5,2.08,0.03,32.0,0.0,2.43,0.15,196.74,11.87,,,,,,,,,,0.0,Forged,No Treatment,FCC,Ductile,,
2,BAA,BAA16,4,12,0,12,20,8,44,0,322.7523249,118.0,824.0,3.9,12.2,0,11.9,20.3,8.4,43.2,0,132.7,5.3,212.6,0.7,791.6,30.6,3.7,0.1,39.0,2.6,1.79,0.04,170.41,5.59,2.23,0.05,1.98,0.05,1.13,0.04,,3.25,,0.0,Forged,925C for 30min/ water quench,FCC,,29.0,
2,BAA,BAA04,0,12,8,4,16,20,36,4,156.6231368,133.0,764.0,0,11.8,8.1,4.1,15.9,20.5,35.4,4,144.9,4.4,271.2,0.0,906.0,29.7,3.3,0.1,39.1,1.8,1.91,0.05,183.07,9.25,2.29,0.03,2.1,0.06,1.09,0.03,,3.01,,0.0,Forged,925C for 30min/ water quench,FCC,,15.0,
2,BBC,BBC01,4,12,4,4,20,16,32,8,,178.6,,4,12.2,4.2,4.0,20.1,16.0,31.4,8.2,132.3,4.0,254.6,2.3,1069.3,28.1,4.2,0.1,51.8,0.4,2.13,0.16,162.29,8.36,2.36,0.09,2.02,0.07,1.17,0.05,,2.96,,,Cold Rolled,950C for 30min/ water quench,FCC,,25.8,
2,BBC,BBC02,4,8,0,0,4,8,52,24,,351.42,,4,8.2,,,4.1,8.0,51.2,24.4,199.9,11.0,449.1,0.9,1462.7,40.8,3.3,0.1,48.4,2.0,2.63,0.13,191.23,7.05,3.1,0.1,2.66,0.12,1.16,0.05,,2.44,,,Cold Rolled,950C for 30min/ water quench,FCC,,14.7,
2,BAA,BAA10,4,0,4,0,20,8,52,12,407.4644681,293.4,832.0,4.3,0,4.2,0.0,20.1,8.1,51,12.3,160.8,13.1,304.8,1.9,950.9,27.3,3.1,0.1,40.0,1.1,2.18,0.03,181.2,13.16,2.55,0.06,2.38,0.06,1.07,0.04,,2.92,,0.0,Forged,925C for 30min/ water quench,FCC,,18.0,
1,AAA,AAA09,5,0,5,0,25,0,60,5,425.7082281,81.81,870.0,5.5 ,0 ,5.2 ,0.0,25.5 ,0.0,58.6 ,5.3 ,195.5,9.2,331.0,29.2,782.0,24.5,2.36,0.18,40.1,3.3,2.31,0.09,178.43,2.68,,,,,,,,,,0.0,Forged,No Treatment,FCC,Ductile,,
1,AAA,AAA14,0,25,10,0,5,0,35,25,366.0800116,177.3,625.0,0 ,24.9 ,10.1 ,0.0,5.0 ,0.0,34.8 ,25.2 ,296.2,2.6,601.0,17.4,1144.0,32.8,1.9,0.08,29.9,0.9,3.4,0.29,198.66,5.95,,,,,,,,,,0.0,Forged,No Treatment,FCC,Ductile,,
2,BBC,BBC06,4,28,4,0,4,4,44,12,,120.07,,,,,,,,,,,,,,,,,,,,,,,,,,,,,,,,,,Cold Rolled,950C for 30min/ water quench,,,,
2,BBB,BBB08,4,8,12,4,4,24,40,4,413.9017845,216.99,764.0,3.8,8,12.3,4.2,4.1,24.0,39.4,4.1,143.2,3.0,282.4,1.6,1143.1,11.7,4.1,0.1,54.6,0.5,2.08,0.03,171.77,7.72,2.4,0.05,2.1,0.1,1.14,0.06,,2.9,,0.0,Cold Rolled,950C for 30min/ water quench,FCC,,40.11,
1,AAA,AAA04,0,25,10,0,20,0,40,5,173.2094365,1.64,695.0,0 ,25.2 ,10.4 ,0.0,20.2 ,0.0,39.0 ,5.2 ,187.0,10.1,383.0,33.5,621.0,50.2,1.62,0.18,19.5,0.3,2.31,0.13,189.31,6.19,,,,,,,,,,0.0,Forged,No Treatment,FCC,Ductile,,
1,AAB,AAB02,0,5,0,0,75,0,20,0,52.69286578,-519.41,810.0,0,5.1,0,0.0,75,0.0,19.9,0,235.1,5.0,610.0,30.8,798.0,11.1,1.31,0.07,3.6,0.4,2.53,0.07,157.73,6.21,,,,,,,,,,1.0,Forged,No Treatment,BCC ,Ductile,,
1,AAC,AAC07,0,45,5,0,15,0,25,10,241.6991009,-99.0,540.0,0 ,45.0 ,5.1 ,0.0,15.2 ,0.0,24.7 ,9.9 ,216.0,8.1,357.0,1.4,671.0,36.7,1.88,0.1,26.6,2.4,2.58,0.13,196.42,5.74,,,,,,,,,,0.0,Forged,No Treatment,FCC,Ductile,,
1,AAE,AAE09,0,25,0,0,35,0,35,5,157.4524677,407.7,705.0,0,25.6,0,0.0,36,0.0,33.3,5.2,160.0,9.5,305.0,0.4,557.0,26.5,1.83,0.09,20.0,1.8,1.8,0.06,162.96,4.45,,,,,,,,,,0.0,Forged,No Treatment,FCC,Ductile,,
2,BBB,BBB14,4,0,12,16,4,12,52,0,735.0220013,147.37,896.0,4.4,0,12.1,15.7,4.1,12.4,51.3,0,138.3,2.2,269.7,3.7,1062.7,15.9,3.9,0.1,51.5,1.9,1.99,0.06,182.28,6.22,2.33,0.06,2.01,0.08,1.16,0.06,,2.96,,0.0,Cold Rolled,950C for 30min/ water quench,FCC,,47.41,
1,AAA,AAA07,0,55,10,0,10,0,15,10,254.5196106,-124.99,450.0,0 ,54.7 ,10.3 ,0.0,10.1 ,0.0,14.6 ,10.3 ,259.2,15.5,606.0,29.1,952.0,7.9,1.57,0.09,24.9,1.1,2.88,0.16,197.23,6.66,,,,,,,,,,0.0,Forged,No Treatment,FCC,Ductile,,
2,BBA,BBA14,0,16,8,4,16,20,36,0,108.1028714,75.5,752.0,0,16.1,8.2,4.0,16,20.3,35.3,0,132.1,2.4,259.4,3.4,953.9,46.1,3.7,0.2,41.4,2.4,2.05,0.14,229.87,15.37,2.34,0.09,2.0,0.06,1.17,0.06,,3.02,,0.0,Cold Rolled,950C for 30min/ water quench,FCC,,34.3,
2,BBA,BBA05,4,12,8,0,8,8,56,4,388.7773503,204.2,784.0,4.1,12.2,8.2,0.0,8.2,8.0,55.2,4.1,157.8,3.7,313.1,5.7,1160.3,15.9,3.7,0.1,47.8,0.9,2.3,0.17,180.26,13.33,2.54,0.09,2.28,0.17,1.12,0.09,,2.79,,0.0,Cold Rolled,950C for 30min/ water quench,FCC,,38.83,
1,AAA,AAA03,0,30,5,0,30,0,20,15,275.6920066,-58.22,605.0,0 ,29.8 ,5.3 ,0.0,30.1 ,0.0,19.5 ,15.3 ,227.2,8.7,427.0,14.1,721.0,20.9,1.69,0.07,22.1,1.9,2.4,0.12,189.61,8.42,,,,,,,,,,0.0,Forged,No Treatment,FCC,Ductile,,
1,AAD,AAD16,0,35,20,0,10,0,15,20,337.8624475,61.9,520.0,,,,,,,,,546.0,21.6,460.0,0.0,462.0,0.0,1.0,0.0,0.0,0.0,5.22,0.64,208.46,8.66,,,,,,,,,,1.0,Forged,No Treatment,FCC + FCC,Brittle,,
1,AAD,AAD07,0,20,10,0,10,0,45,15,292.5769617,37.4,705.0,0,20.1,10.6,0.0,10.1,0.0,43.2,15.9,204.2,15.9,443.0,9.4,986.0,50.7,2.23,0.12,34.0,2.7,2.93,0.1,219.29,9.71,,,,,,,,,,0.0,Forged,No Treatment,FCC,Ductile,,
2,BBB,BBB09,0,4,8,0,4,28,40,16,557.042555,301.69,764.0,,,,,,,,,,,,,,,,,,,,,,,,,,,,,,,,0.0,Cold Rolled,950C for 30min/ water quench,FCC+σ,,,
1,AAD,AAD03,0,5,5,0,30,0,45,15,261.1804501,19.5,805.0,0,5.3,5.3,0.0,30.4,0.0,43.2,15.8,183.9,5.7,361.0,13.6,842.0,37.3,2.33,0.14,34.0,2.1,2.38,0.06,211.23,5.84,,,,,,,,,,0.0,Forged,No Treatment,FCC,Ductile,,
2,BBA,BBA17,4,0,4,4,16,12,56,4,391.189585,91.81,872.0,4.2,0.0,4.2,4.1,16.3,12.1,55.0,4.1,156.5,3.2,310.2,8.3,1057.5,16.0,3.4,0.1,42.0,3.1,2.14,0.09,189.54,12.07,2.51,0.08,2.2,0.12,1.14,0.07,,2.85,,0.0,Cold Rolled,950C for 30min/ water quench,FCC,,26.0,
1,AAC,AAC15,5,5,5,0,20,0,50,15,472.4146152,119.9,790.0,5.5 ,4.9 ,5.0 ,0.0,20.2 ,0.0,49.4 ,15.1 ,286.1,8.8,542.0,30.2,1006.0,62.9,1.86,0.16,29.1,2.7,3.35,0.13,209.17,5.74,,,,,,,,,,0.0,Forged,No Treatment,FCC,Ductile,,
2,BBA,BBA18,0,4,8,4,16,20,44,4,258.4414693,52.56,828.0,0.0,4.1,8.2,4.1,16.1,20.2,43.3,4.1,132.3,2.5,267.0,,1019.4,,3.8,,46.7,,2.06,0.14,199.98,12.26,2.16,0.09,1.84,0.06,1.17,0.06,,2.94,,0.0,Cold Rolled,950C for 30min/ water quench,FCC,,41.0,
1,AAD,AAD14,0,15,15,0,15,0,40,15,286.9361868,74.3,715.0,0,15.1,15.8,0.0,14.9,0.0,38.4,15.8,220.5,15.9,459.0,46.7,931.0,70.6,2.03,0.26,30.0,0.2,2.57,0.22,206.84,7.48,,,,,,,,,,0.0,Forged,No Treatment,FCC,Ductile,,
2,BBC,BBC14,0,12,4,0,4,16,40,24,,383.92,,,12.1,4.1,,4.3,16.1,39,24.5,198.1,12.4,406.4,7.4,1293.4,4.5,3.2,0.1,39.6,2.2,2.54,0.27,192.43,6.65,3.14,0.26,2.69,0.34,1.17,0.14,,2.51,,,Cold Rolled,950C for 30min/ water quench,FCC+σ,,20.1,
1,AAE,AAE16,0,30,0,0,15,0,50,5,148.4222272,412.1,705.0,0,30.9,0,0.0,15.6,0.0,48.4,5.2,177.1,15.4,339.0,10.9,620.0,11.2,1.83,0.1,22.0,1.7,1.92,0.03,188.44,2.22,,,,,,,,,,0.0,Forged,No Treatment,FCC,Ductile,,
1,AAD,AAD12,0,20,15,0,0,0,35,30,386.2269491,266.2,630.0,,,,,,,,,525.6,8.5,559.0,0.0,561.0,0.0,1.0,0.0,0.0,0.0,5.96,1.08,207.91,16.42,,,,,,,,,,1.0,Forged,No Treatment,FCC + FCC,Brittle,,
2,BAA,BAA12,0,0,8,4,16,12,52,8,195.7659695,296.4,864.0,0,0,8.2,4.2,16,12.4,51.1,8.2,149.5,5.0,264.8,3.2,945.9,2.8,3.6,0.0,43.1,1.1,1.93,0.07,187.31,7.28,2.32,0.11,2.11,0.03,1.1,0.05,,2.99,,0.0,Forged,925C for 30min/ water quench,FCC,,23.0,
1,AAC,AAC10,0,10,20,0,5,0,60,5,182.6807328,50.3,805.0,0 ,10.3 ,20.4 ,0.0,5.1 ,0.0,59.2 ,5.1 ,198.7,6.9,397.0,0.2,734.0,10.6,1.85,0.03,22.4,0.4,2.58,0.16,202.88,4.45,,,,,,,,,,0.0,Forged,No Treatment,FCC,Ductile,,
1,AAD,AAD11,0,20,10,0,5,0,40,25,363.0869922,220.2,665.0,0,19.8,10.5,0.0,4.9,0.0,38.5,26.3,285.0,12.6,590.0,80.5,1274.0,41.1,2.16,0.3,32.0,3.7,3.41,0.31,199.81,9.61,,,,,,,,,,0.0,Forged,No Treatment,FCC,Ductile,,
2,BAA,BAA11,0,16,0,4,20,20,28,12,223.1039347,258.3,716.0,0,15.9,0,4.1,19.3,20.4,27.9,12.4,166.0,3.4,256.1,0.0,515.8,0.0,2.0,0.0,16.8,0.0,2.03,0.1,178.26,6.77,2.4,0.06,2.13,0.06,1.13,0.04,,3.38,,0.0,Forged,925C for 30min/ water quench,FCC,,20.0,
1,AAD,AAD01,0,30,10,0,10,0,30,20,335.5917857,47.1,600.0,0,29.6,10.6,0.0,9.9,0.0,28.6,21.2,234.4,9.6,625.0,0.0,1221.0,0.0,1.95,0.0,31.0,0.0,3.37,0.32,203.35,7.86,,,,,,,,,,0.0,Forged,No Treatment,FCC,Ductile,,
2,BAA,BAA09,4,16,8,0,12,0,48,12,447.1938071,54.1,728.0,4,16.2,8.2,0.0,12.2,0.0,47.1,12.2,191.0,8.6,444.3,3.8,1180.3,43.8,2.7,0.1,41.6,2.7,2.64,0.07,212.29,7.68,3.1,0.1,2.88,0.07,1.08,0.04,,2.56,,0.0,Forged,925C for 30min/ water quench,FCC,,26.0,
2,BBA,BBA12,0,0,8,4,16,12,52,8,195.7659695,296.4,864.0,0,0,8.3,4.1,16.1,12.3,51.2,8,148.0,8.8,316.0,8.5,1101.1,40.0,3.5,0.2,43.5,0.8,2.25,0.08,234.5,8.81,2.52,0.12,2.2,0.09,1.14,0.07,,2.82,,0.0,Cold Rolled,950C for 30min/ water quench,FCC,,32.26,
1,AAB,AAB06,0,30,20,0,5,0,40,5,191.1275556,-16.78,645.0,0 ,29.9 ,20.5 ,0.0,5.1 ,0.0,39.3 ,5.1 ,226.0,8.4,508.0,89.3,857.0,57.5,1.69,0.39,24.4,2.9,2.6,0.09,206.43,3.01,,,,,,,,,,0.0,Forged,No Treatment,FCC,Ductile,,
1,AAD,AAD10,0,5,5,0,30,0,55,5,156.4381732,75.2,855.0,0,5.4,5.4,0.0,30.9,0.0,53.1,5.3,176.3,12.7,308.0,27.0,620.0,28.7,2.01,0.2,23.0,0.2,2.15,0.13,196.61,7.25,,,,,,,,,,0.0,Forged,No Treatment,FCC,Ductile,,
1,AAE,AAE12,5,5,0,0,40,0,45,5,407.6009793,472.4,820.0,3.9,5.6,0,0.0,42.2,0.0,42.8,5.5,150.2,7.2,477.0,0.3,1062.0,26.6,2.23,0.05,34.0,1.7,2.69,0.07,211.67,4.99,,,,,,,,,,0.0,Forged,No Treatment,FCC,Ductile,,
1,AAC,AAC01,0,15,25,0,5,0,50,5,192.6929684,29.1,745.0,0 ,15.1 ,25.2 ,0.0,5.1 ,0.0,49.6 ,5.1 ,245.6,13.9,503.0,24.9,854.0,52.2,1.7,0.13,22.5,1.0,2.82,0.17,213.37,5.78,,,,,,,,,,0.0,Forged,No Treatment,FCC,Ductile,,
2,BBC,BBC11,4,12,4,4,12,16,36,12,,234.32,,4.3,12.2,4.2,3.9,12.2,15.9,35.1,12.3,155.7,2.8,290.1,2.5,1098.1,46.0,3.8,0.2,48.4,3.9,2.08,0.15,179.43,11.34,2.61,0.06,2.16,0.13,1.21,0.05,,2.86,,,Cold Rolled,950C for 30min/ water quench,FCC,,21.1,
1,AAC,AAC06,0,25,20,0,10,0,35,10,253.5297866,7.6,650.0,0 ,24.9 ,20.3 ,0.0,10.1 ,0.0,34.4 ,10.2 ,224.5,18.0,460.0,16.8,932.0,15.9,2.03,0.08,32.6,1.9,2.73,0.1,213.93,5.68,,,,,,,,,,0.0,Forged,No Treatment,FCC,Ductile,,
2,BBC,BBC07,4,32,4,0,0,4,44,12,,106.94,,,,,,,,,,,,,,,,,,,,,,,,,,,,,,,,,,Cold Rolled,950C for 30min/ water quench,,,,
1,AAA,AAA02,0,30,10,0,5,0,45,10,244.4242487,-19.13,660.0,0 ,30.2 ,10.4 ,0.0,5.2 ,0.0,43.9 ,10.4 ,257.4,16.0,537.0,11.0,829.0,43.3,1.54,0.09,20.8,1.7,2.85,0.34,195.4,9.1,,,,,,,,,,0.0,Forged,No Treatment,FCC,Ductile,,
1,AAD,AAD05,0,40,25,0,10,0,20,5,203.7096246,-85.3,535.0,0,39.2,26.2,0.0,10,0.0,19.2,5.3,284.0,9.9,502.0,24.0,996.0,30.3,1.98,0.11,32.0,2.5,2.77,0.08,215.81,7.71,,,,,,,,,,0.0,Forged,No Treatment,FCC,Ductile,,
2,BBB,BBB16,4,36,0,0,4,4,40,12,510.6148911,78.47,604.0,,,,,,,,,,,,,,,,,,,,,,,,,,,,,,,,0.0,Cold Rolled,950C for 30min/ water quench,FCC,,,
2,BBA,BBA08,0,24,8,0,12,16,32,8,215.3815047,165.8,664.0,0,22.9,8.1,0.0,12.2,16.0,32.7,8.1,135.8,5.9,270.2,2.3,1049.1,25.2,3.9,0.1,45.4,1.5,2.3,0.17,163.61,8.44,2.62,0.08,2.27,0.12,1.15,0.07,,2.93,,0.0,Cold Rolled,950C for 30min/ water quench,FCC,,33.91,
2,BBA,BBA04,0,12,8,4,16,20,36,4,156.6231368,133.0,764.0,,,,,,,,,143.2,4.6,,,,,,,,,,,,,,,,,,,,,,0.0,Cold Rolled,950C for 30min/ water quench,,,40.57,"Sample Remade due to chemistry issues, failed to give good tension samples"
2,BBB,BBB02,4,32,8,4,4,20,24,4,409.1121051,137.19,600.0,4.2,30.4,8.2,4.1,4.1,20.1,24.7,4.1,157.9,6.4,311.4,3.1,1127.0,11.7,3.6,0.1,48.8,0.5,2.22,0.08,195.91,8.51,2.7,0.09,2.32,0.06,1.16,0.05,,2.84,,0.0,Cold Rolled,950C for 30min/ water quench,FCC,,40.59,
2,BAA,BAA08,0,24,8,0,12,16,32,8,215.3815047,165.8,664.0,0,23.8,8.3,0.0,12.2,16.3,31.5,8.2,145.9,5.5,270.7,4.3,957.6,3.6,3.5,0.1,40.3,0.2,1.96,0.05,193.2,7.63,3.09,0.1,2.47,0.08,1.25,0.06,,2.94,,0.0,Forged,925C for 30min/ water quench,FCC,,20.0,
1,AAE,AAE11,0,20,10,0,0,0,45,25,370.6097422,723.5,675.0,0,20,10.4,0.0,0,0.0,43.5,26.2,248.9,26.1,615.0,18.1,1256.0,70.8,2.04,0.06,36.0,0.2,3.0,0.24,211.02,6.83,,,,,,,,,,0.0,Forged,No Treatment,FCC,Ductile,,
2,BBB,BBB07,4,40,0,0,12,4,36,4,220.1686842,26.04,596.0,4,39.1,0,0.0,12.3,3.9,36.7,4,125.0,5.6,211.4,3.5,900.6,1.3,4.3,0.1,45.3,0.6,1.75,0.03,189.59,9.7,2.22,0.13,1.88,0.12,1.18,0.1,,3.16,,0.0,Cold Rolled,950C for 30min/ water quench,FCC,,48.77,
2,BBC,BBC16,4,28,4,0,8,0,40,16,,40.81,,,,,,,,,,,,,,,,,,,,,,,,,,,,,,,,,,Cold Rolled,950C for 30min/ water quench,,,,
1,AAB,AAB05,0,25,5,0,10,0,50,10,233.5765555,-4.9,710.0,0 ,25.1 ,5.1 ,0.0,10.1 ,0.0,49.6 ,10.1 ,200.3,6.8,332.0,55.5,634.0,6.7,1.91,0.32,28.7,4.6,2.35,0.02,201.05,8.11,,,,,,,,,,0.0,Forged,No Treatment,FCC,Ductile,,
1,AAE,AAE08,0,40,5,0,15,0,20,20,333.216789,-63.8,530.0,0,39.6,5.3,0.0,15.1,0.0,19.2,20.8,289.8,11.2,518.0,46.5,1325.0,64.3,2.56,0.1,21.0,1.9,3.42,0.13,234.77,3.79,,,,,,,,,,0.0,Forged,No Treatment,L12,Ductile,,
2,BBA,BBA11,0,16,0,4,20,20,28,12,223.1039347,258.3,716.0,0,16.1,0,4.0,20.1,20.3,27.4,12,154.4,4.1,348.8,,1070.6,,3.1,,38.6,,2.23,0.15,174.17,5.95,2.5,0.1,2.13,0.04,1.17,0.05,,2.72,,0.0,Cold Rolled,950C for 30min/ water quench,FCC,,17.69,
1,AAA,AAA15,5,0,5,0,45,0,45,0,372.6474182,176.36,855.0,4.9 ,0 ,5.4 ,0.0,45.5 ,0.0,44.2 ,0 ,172.2,7.2,253.0,22.1,492.0,37.0,1.94,0.2,23.3,2.8,1.96,0.04,168.34,1.84,,,,,,,,,,0.0,Forged,No Treatment,FCC,Ductile,,
2,BAA,BAA13,4,20,4,4,16,0,52,0,345.9032675,36.5,768.0,4.2,20.6,4.2,4.4,16.7,0.0,50,0,143.6,11.0,210.1,12.6,761.3,4.2,3.6,0.2,35.7,1.5,1.9,0.04,195.54,10.54,2.24,0.08,1.99,0.09,1.13,0.06,,3.21,,0.0,Forged,925C for 30min/ water quench,FCC,,32.0,
2,BBA,BBA07,4,12,0,0,16,8,52,8,400.648516,250.0,780.0,5,12.3,0,0.0,16.2,7.9,50.5,8.1,187.1,8.4,410.3,,1259.2,,3.1,,40.6,,2.66,0.18,251.53,11.89,3.04,0.11,2.68,0.13,1.13,0.07,,2.56,,0.0,Cold Rolled,950C for 30min/ water quench,FCC,,25.5,
